BUS Name,BUS Street Name,BUS City Name,BUS Postal Code,BUS Code,COM_GRP Name,CNTRY Code,CNTRY Name
Botsford Fisheries Ltd,.,Cap Pele,New Brunswick,1207,smoked fish,CA,Canada
Sea Horse Corporation Sdn. Bhd.,.,Kuching,Sarawak,31,FFP (fishery products),MY,Malaysia
Industria Conservera De La Pesca Cia. Ltda. (Incopes),"Av. 3era. Oeste 542, Mapasingue ",Guayaquil,Guayas,62,Prepared fish 1604,EC,Ecuador
KPONE LOBSTER EXPORT CO. LTD,.,Kpone,Greater Accra,GS/SF/E006,heavy metal susceptible fish,GH,Ghana
"P.N. Marine Foods Products Co., Ltd.","120/9 Moo7, Jedsada-Sundab Kokkharm",Mueang Samut Sakhon,Samut Sakhon,3056,FFP (fishery products),TH,Thailand
"Pescados, Camarones Y Mariscos S.A. DOCAPES",EL MALECON DE SANTA ROSA P.O. BOX 9631,Salinas,Guayas,197,"heavy metals susceptible fish, molluscs, crustaceans",EC,Ecuador
M/s Cochin Frozen Food Exports Pvt Ltd,"AArookutty Ferry Road, IV/475",Aroor,Kerala,658,"FFP, excluding molluscs and crustaceans",IN,India
"Dalian Youlian Seafood Co., Ltd.",.,Jinzhou District,Dalian,2100/29020,Surimi and products under CN 160420,CN,China
"Shandong Changhua Industrial Development Co., Ltd.",.,Rizhao,Shandong,3700/02595,Surimi and products under CN 160420,CN,China
C.A. PROCESADORA PROPESCA,"AV. 5 PPAL. SAN FRANCISCO EL BAJO No 260, MUNICIPIO SAN FRANCISCO",San Francisco,Zulia,SPES-140,Sulphites group: crustaceans,VE,Venezuela
M/s Jagadeesh Marine Exports,"1-174, KOMARADA ROAD",Rayalam Village,Andhra Pradesh,999,"Shrimps, CN 0306",IN,India
"Honghu Deyan Aquatic Products & Foodstuff Co., Led.",.,Honghu,Hubei,4200/02020,FFP (fishery products),CN,China
LAM SON Import-Export Foodstuff Joint stock company - LAMSON FIMEXCO,"Tay Son St, Quang Trung ward",Qui Nhon,Binh Dinh,DL 100,"Crustaceans, farmed, CN 0306/1605",VN,Viet Nam
Alwadi Central Coldstorage Co. Ltd,.,Mukalla,Hadramout,12,FFP (fishery products),YE,Yemen
"CPF (Thailand) Public Co., Ltd.","150 Moo 7, Tandiew",Kaeng Khoi,Saraburi,23,Poultry meat preparations,TH,Thailand
"CPF (Thailand) Public Co., Ltd.","150 Moo 7, Tandiew",Kaeng Khoi,Saraburi,23,Fresh poultry meat,TH,Thailand
Empacadora De Carnes De Fresnillo S.A De CV,"AVE. PLATEROS NO.708 ZACATECAS, FRESNILLO.  MEXICO",Fresnillo,Zacatecas ,E-42,"Horse meat, CN 0205",MX,Mexico
"Better Foods Co., Ltd.",4/2 MOO7 SOI SUKHAPIBAL2 BUDHAMONTHON5 ROAD OMNOI  ,Krathumban,Samut Sakhon,10,Poultry meat preparations,TH,Thailand
"Sun Food International Co., Ltd.",69 MOO 6 Muak Lek-Wang Muang Rd. Kampran,Wang Muang,Saraburi,25,Poultry meat preparations,TH,Thailand
Sopraval S.A.,.,La Calera,V Valparaiso,05-Sep,Poultry meat preparations,CL,Chile
"PANUS POULTRY GROUP CO., LTD.","1/1 MOO 5, T. MONNANG ",Phanat Nikhom,Chon Buri,79,Poultry meat preparations,TH,Thailand
Granja Tres Arroyos S.A.,CNO. MATADERO MUNICIPAL S/NÂ° MANZANA 1,Concepcion Del Uruguay,Entre Rios,1610,Poultry meat preparations,AR,Argentina
"Dongshan Haikui Aquatic Products Group Co., Ltd. Fujian",.,Dongshan,Fujian,3500/02108,FFP (fishery products),CN,China
Sarl Muskaten,"01, Quai dâ€™Arcachon port dâ€™Alger",Alger,Alger,16404,"heavy metals susceptible fish, molluscs, crustaceans",DZ,Algeria
Adelaide Pearl,Adelaide Pearl,Auckland,Auckland,L44616,"heavy metals susceptible fish, molluscs, crustaceans",NZ,New Zealand
Sicogetram,"266, ancien port de pÃªche",Agadir,Souss - Massa,3976,FFP (fishery products),MA,Morocco
SHB COMERCIO E INDUSTRIA DE ALIMENTOS S. A.,"FRANCISCO BERNARDES DE ASSIS,  200 BAIRRO:JARDIM BRASILIA",Uberlandia,Minas Gerais,121,MM (minced meat and meat preparations),BR,Brazil
JBS S/A,Rodovia GO 164,Mozarlandia,Goias,4507,"Meat product, CN 0504",BR,Brazil
M/s Alps Ice & Cold Storage Pvt. Ltd.,.,Mumbai,Maharashtra,1108,Aquaculture fishery products,IN,India
SEARA ALIMENTOS LTDA,"ROD 369 KM 177, S/NÂº BAIRRO: ZONA RURAL  CEP: 86.605-310",Rolandia,ParanÃ¡,1215,Poultry meat preparations,BR,Brazil
Gel Fish,BP 52 Port de pÃªche LaÃ¢youne,LaÃ¢youne,LaÃ¢youne-Sakia El Hamra,2604,FFP (fishery products),MA,Morocco
M/s S.K. Exports (Pvt) Limited,"246, LEWIS ROAD",Bhubaneswar,Orissa,396,"Shrimps, CN 0306",IN,India
"Liwon Ent. Ltd., P.M.B.",.,Tema,Greater Accra,GSB/SF/E855,Smoked FFP,GH,Ghana
Faenadora San Vicente Ltda.,.,San Vicente De Tagua Tagua,VI Libertador General Bernardo O'Higgins,06-Aug,Poultry meat preparations,CL,Chile
SHB COMERCIO E INDUSTRIA DE ALIMENTOS S. A.,"AV. SOS PIONEIROS, 2510 - CENTRO",Carambei,ParanÃ¡,424,"meat and edible offal of poultry, CN 0207",BR,Brazil
JBS Aves Ltda,"Rua Felipe Muliterno 505, Bairro: Vila Matos, CEP: 99.060-000",Passo Fundo,Rio Grande do Sul,922,Poultry meat preparations,BR,Brazil
SEARA ALIMENTOS LTDA,Rod. Raposo Tavares Km 177,Itapetininga,SÃ£o Paulo,4430,MM (minced meat and meat preparations),BR,Brazil
Las Camelias S.A.,.,San Jose,Entre Rios,2589,Poultry meat preparations,AR,Argentina
"Chaijinda Seafood Co., Ltd.",..,Muang,Samut Sakhon,3076,Prepared fish 1604,TH,Thailand
MARFRIG GLOBAL FOODS S.A.,"AV. JULIO MULLER 1650, ALA 2 BAIRRO: ALAMEDA",VÃ¡rzea Grande,Mato Grosso,2015,MM (minced meat and meat preparations),BR,Brazil
M/s Naik Frozen Foods Pvt. Ltd.,.,Taloja,Maharashtra,276,"Shrimps, CN 0306",IN,India
QVD Aquaculture Joint Stock Company,"Lot C, Sa Dec industrial zone, Tan Quy Dong ward",Sa Dec,Dong Thap,DL 376,FFP (fishery products),VN,Viet Nam
"Tin Thinh Co., Ltd","Lot F1, Suoi Dau IZ",Cam Lam,Khanh Hoa,DL 385,heavy metal susceptible fish,VN,Viet Nam
"OCEAN BLUE CO., LTD",Quang Phu Industrial Zone,Quang Ngai,Quang Ngai,DL 388,FFP (fishery products),VN,Viet Nam
M/S. ASVINI FISHERIES PRIVATE LIMITED,"R.S.No. 626/1, Dirusumaru Road, P.B.No. 52, Bhimavaram, West Godavari Disrict 534239",Godavari,Andhra Pradesh,920,"Shrimps, CN 0306",IN,India
C. Vale - Cooperativa Agroindustrial,.,Palotina,ParanÃ¡,3300,Poultry meat preparations,BR,Brazil
Shampa Ice & Cold Storage Ltd.,.,Bagerhat,Khulna,BAG-83,"heavy metals susceptible fish, molluscs, crustaceans",BD,Bangladesh
"Anqing AHCOF Food Co., Ltd",.,Anqing,Anhui,3400/02037,FFP (fishery products),CN,China
CIPOMAAH ENT.,ABEHENEASE AREA,Ashaiman,Greater Accra,GS/SF/E105,Smoked FFP,GH,Ghana
M/s HMG Industries Ltd.,"C-21/6, MIDC TTC Arca, Pawne",Vashi,Maharashtra,234,"Shrimps, CN 0306",IN,India
Thaprobane Seafoods (Pvt.) Ltd.,"Bubulawatta, Haldanduwana",Dankotuwa,North Western Province,DFAR/FPE/98/16,Fresh tuna,LK,Sri Lanka
"Asian Alliance International Co., Ltd.","8/8 Moo 3, Rama 2 Road, Banbor",Mueang Samut Sakhon,Samut Sakhon,2071,"Preserved tuna, CN 1604",TH,Thailand
Workshop I And Workshop Value - Ha Noi - Can Tho Seafood Joint Stock Company (HACASEAFOOD),"LOT 2.17, TRA NOC INDUSTRIAL PARK 2",O Mon,Can Tho City,DL 68,FFP (fishery products),VN,Viet Nam
"Dalian Shenghua Sea Food Co., Ltd.",.,Jinzhou District,Dalian,2100/02016,Surimi and products under CN 160420,CN,China
M/s Baby Marine (Eastern) Exports,.,Mandapam,Tamil Nadu,826,"Shrimps, CN 0306",IN,India
M/s Wellcome Fisheries Ltd.,"1/136 VANDRAM VILLAGE, UNDI MANDAL",Bhimavaram,Andhra Pradesh,934,FFP (fishery products),IN,India
M/s Jayalakshmi Seafoods Pvt Ltd,.,Bhimavaram,Andhra Pradesh,924,FFP (fishery products),IN,India
"CPF (Thailand) Public Co., Ltd.","333,333/1-2 Moo 9, Sikhiu-Det Udom Road, Thayiem",Chokchai,Nakhon Ratchasima,139,Poultry meat preparations,TH,Thailand
Hai Vuong Company Limited (HAVUCO),"Lot B, road No.1, Suoi Dau industrial zone",Cam Lam,Khanh Hoa,DL 318,Fresh tuna,VN,Viet Nam
Rizhao Yongxing Foodstuff Co. Ltd.,.,Rizhao,Shandong,3700/02587,FFP (fishery products),CN,China
ELMASREYA FOUNDATION FOR IMPORT & EXPORT,2nd Industrial Zone B2 - Piece C1 - Part C,10 Ramadan City,Sharkia,015.F.I,"heavy metals susceptible fish, molluscs, crustaceans",EG,Egypt
PT. Marindo Makmur Usahajaya,"Jl. Muncul Industri II Gedangan, Sidoarjo",Sidoarjo,Jawa Timur,431.13.A/B,Fresh tuna,ID,Indonesia
Tarek Shanun,.,Aleppo,Halab,181,Unique Commodity Code Group for  05040000,SY,Syrian Arab Republic
"Thai Poultry Group Co., Ltd.",.,Si Racha,Chon Buri,109,Poultry meat preparations,TH,Thailand
"Workshop III, Tra Kha Seafoods Processing, Minh Hai Joint-Stock Seafoods Processing Co.-Seaprodex Mi",.,Bac Lieu,Bac Lieu,DL 204,"Processed crustaceans, molluscs, CN 1605",VN,Viet Nam
RIVELLI ALIMENTOS S/A,"ROD. BR 040,  S/NÂº,  KM 700 - BAIRRO: CAICARAS",Barbacena,Minas Gerais,3571,Poultry meat preparations,BR,Brazil
RAANAN FISH FEED LTD,MILOUOT INDUSTRIAL ZONE,Asherat,HaZafon,2001,Unique Commodity Code Group for  230990,IL,Israel
Goncalves & Tortola S/A,.,Maringa,ParanÃ¡,4166,Poultry meat preparations,BR,Brazil
"Shandong Haida Foods Co., Ltd.",.,Qiyuan City,Shangdong,3700/03089,Rabbit meat,CN,China
Alandlouse Co. For Fish Processor,.,New Damiatta City,Domiatta,057.F.I,"heavy metals susceptible fish, molluscs, crustaceans",EG,Egypt
BRF S. A.,"Rod. GO 341, Km 2,5",Mineiros,Goias,1010,MM (minced meat and meat preparations),BR,Brazil
CAÃ‘ADAS SRL,"REPUBLICA DEL LIBANO 4279, QUILMES",Quilmes,Buenos Aires,4061,Dog chews,AR,Argentina
Hainan Brich Aquatic Products Co. Ltd.,"No.1, Guilinyang Development Zone",Haikou,Hainan,4600/02038,FFP (fishery products),CN,China
Pesca Gharb,PORT DE PECHE MEHDIA,Mehdia,Rabat - SalÃ© - KÃ©nitra,3287,Sulphites group: crustaceans,MA,Morocco
HeiLongJiang YuanGuang Casing Co. Ltd,.,Harbin,Heilongjiang,2300/05001,Casing for HC,CN,China
Nantong Hongda Casing Co. Ltd.,8 Liyu Rd,Rugao,Jiangsu,3200/05102,Unique Commodity Code Group for  05040000,CN,China
PT. Kelola Mina Laut,"Jl. Kig Raya Selatan Kav C-5, Kawasan Industri, Gresik",Gresik,Jawa Timur,295.13.B/C,heavy metal susceptible fish,ID,Indonesia
"Thoreka Co., Ltd.",.,Muang,Samut Sakhon,3132,FFP (fishery products),TH,Thailand
"Hairoad Food Zhejiang Co., Ltd.",.,Zhoushan,Zhejiang,3300/02252,"heavy metals susceptible fish, molluscs, crustaceans",CN,China
"Hubei Chuyu Food Co., Ltd.",.,Jingmen,Hubei,4200/02040,"Processed crustaceans, CN 1605",CN,China
VZS StoÄna Hrana Doo,Beogradski put 23,Subotica,Severno-baÄki okrug,RS 34-001,Dog chews,RS,Serbia
Soon Yi Superfrozen Company Limited,39 Yugang South 1st Rd,Qianzhen District,Kaohsiung City,7F3F001,"heavy metals susceptible fish, molluscs, crustaceans",TW,Taiwan
M/s Unitriveni Overseas,150 Champajhar Malipada,Khurda,Orissa,470,"Crustaceans, farmed, CN 0306/1605",IN,India
PINGYANG HUAXING LEATHER & PLASTIC CO LTD,"No.13 Nange Road Leather, Manufacturing Zone, Tengjiao Pingjang, Zheijiang, China",Zhejiang,Zhejiang,3300PF029,Unique Commodity Code Group for  230910,CN,China
Euro S.A.,Saenz PeÃ±a 1595,Villa Gobernador Galvez,Santa Fe,4592,Dog chews,AR,Argentina
Complexe Frigorifique El Mustapha,.,Teboulba,Monastir,618,"Shrimps, CN 0306",TN,Tunisia
Tianjian Yangliang Fish Food Industries Co Ltd,ECONOMIC DEVELOPMENT AREA OF ZHANG JIA WO TOWN XIQING DISTRICT TIANJIN,Tianjin,Tianjin,1200AF018,Unique Commodity Code Group for  05119190,CN,China
"Subproductos Animales De MÃ©xico, S.A. De C.V.","FUNDIDORES NO. 103, PARQUE INDUSTRIAL CHICHIMECO, JESÃšS MARÃA, AGUASCALIENTES, C.P. 20900",Jesus Maria,Aguascalientes,838,"Petfood, CN 230910",MX,Mexico
R. R. INDÃšSTRIA E COMÃ‰RCIO LTDA,"RUA SÃƒO DOMINGOS,  500 BAIRRO: QUINTAS",Natal,Rio Grande do Norte,4154,Dog chews,BR,Brazil
Marine Biotechnology Products Ltd,.,Port Louis,Port Louis,CA-SF/PP/02/MU,Unique Commodity Code Group for  23012000,MU,Mauritius
GFPT Nichirei (Thailand) Company Limited,"198 Moo 4, Hang Sung",Nong Yai,Chon Buri,201,PM (fresh meat of poultry and lagomorphs),TH,Thailand
Khanh Hoa Canned Food Co. Ltd. (Khacanfood),"1A rd, Cu Thanh hamlet",Dien Khanh,Khanh Hoa,DH 603,FFP (fishery products),VN,Viet Nam
Trang Khanh Trading Company Limited (TRANG KHANH SEAFOOD Co. Ltd),99 Lo Ren St,Bac Lieu,Bac Lieu,DL 343,FFP (fishery products),VN,Viet Nam
SEARA ALIMENTOS LTDA,"BR 116, S/NÂº  Bairro: GLEBA SÃƒO LOURENÃ‡O MunicÃ­pio: ITAIÃ“POLIS",Itaiopolis,Santa Catarina,3837,Poultry meat preparations,BR,Brazil
RKC TANNERY COMPANY LIMITED,"339/1 MOO 2, PUTTHARAKSA ROAD, TAIBAN",Muang,Samut Prakan,VCN. 26,Dog chews,TH,Thailand
QUANTO ALIMENTOS INDÃšSTRIA E COMÃ‰RCIO LTDA,"RUA VISCONDE DE SÃƒO LEOPOLDO, 545 BAIRRO: VICENTINA",Sao Leopoldo,Rio Grande do Sul,3766,Dog chews,BR,Brazil
IMS BRAZIL LTDA,"Rua Armendio Ferraz de Abreu, 229 - Barirro: UniÃ£o",Estancia Velha,Rio Grande do Sul,229,Dog chews,BR,Brazil
Sarl Es-Saada,"65, rue Colonel Lotfi",Maghnia,Tlemcen,13417,Sulphites group: crustaceans,DZ,Algeria
Zuf Globus Ltd.,"North Industrial Zone Building, 67 Kiryat Shmona 10200",Kiryat Shmona,HaZafon,IL00001329,Unique Commodity Code Group for  04090000,IL,Israel
"Pritipaul Singh Investment Inc. ""Mid Atlantic""",Mc. Doom,Georgetown,Demerara-Mahaica,SP/004,FFP (fishery products),GY,Guyana
AVENORTE AVICOLA CIANORTE LTDA,"ESTRADA PARA FECULA KM 04 LOTES, 905 A 910 - BAIRRO: ZONA RURAL CEP: 87.212-899",Cianorte,ParanÃ¡,4232,Unique Commodity Code Group for  051199,BR,Brazil
M/s Aftab Marine Exports,"Plot No. 1003, GIDC Estate, Pin-362269",Veraval,Gujarat,1177,"heavy metals susceptible fish, molluscs, crustaceans",IN,India
"Hong Ngoc Seafood Co.,Ltd","Lot B3, Hoa Hiep industrial zone",Dong Hoa,Phu Yen,DL 609,"heavy metals susceptible fish, molluscs, crustaceans",VN,Viet Nam
"Industria Atunera Centroamericana, S.A.",Escuintla,Escuintla,Escuintla,EEH-GT-05-05-001-131,Unique Commodity Code Group for  23012000,GT,Guatemala
StÃ© Cap Langouste,.,Zarzouna,Bizerte,253,heavy metal susceptible fish,TN,Tunisia
Phu Thuan An Seafoods Joint Stock Company (PTA-Seafood),.,Phu Vang,Thua Thien-Hue,DL 225,"Crustaceans, farmed, CN 0306/1605",VN,Viet Nam
"HONGPHUC SEAFOODS COMPANY LIMITED (HP SEAFOODS CO., LTD)",.,My Tho,Tien Giang,DL 759,FFP (fishery products),VN,Viet Nam
HUNGVUONG FOOD PROCESSING EXPORT COMPANY (FPREXCO-HV),"Lot 21-23, 8th Street, Tan Tao Industrial park, Binh Tan District, Ho Chi Minh city",Binh Tan  District,Ho Chi Minh City,DL 798,FFP (fishery products),VN,Viet Nam
Quoc Viet Seaproducts Processing Trading and Import Export Corporation-Factory II (QUOC VIET CORPORATION - FACTORY II),"444 Bis, Ly Thuong Kiet Street, Sub-ward 9, Ward 6",Ca Mau,Ca Mau,DL 786,FFP (fishery products),VN,Viet Nam
"Marpesca Packers, S.A.",.,Panama,Cocle,192,"FFP, excluding molluscs and crustaceans",PA,Panama
"WUJIXIAN YIDA PET PRODUCTS CO.,LTD","ANCHENG VILLAGE, WUJITOWN, WUJI COUNTY, SHIJIAZHUANG CITY, HEBEI PROVINCE, CHINA",Shijiazhuang,Hebei,1300PF005,"Petfood, CN 230910",CN,China
Sasu Su Ve Tarim Urunleri Gida Tekstil Sanayi Ticaret A.S.,.,YÃ¼regir,Adana,TR 01-0058,FFP (fishery products),TR,Turkey
M/s Jagdish Marine Exports,"47-48, GIDC Estate-362269",Veraval,Gujarat,1145,FFP (fishery products),IN,India
M/s Royale Marine Impex Pvt. Ltd.,.,Kavurivaripalem,Andhra Pradesh,1837,"Shrimps, CN 0306",IN,India
M/s Integrated Rubian Exports Ltd.,.,Aroor,Kerala,1535,"heavy metals susceptible fish, molluscs, crustaceans",IN,India
M/s Integrated Rubian Exports Ltd.,.,Aroor,Kerala,1535,"Processed crustaceans, CN 1605",IN,India
COOPERATIVA CENTRAL AURORA ALIMENTOS,.,Mandaguari,ParanÃ¡,664,Poultry meat preparations,BR,Brazil
"Nanyang Boyang Breeding Co., Ltd.","Dafuzhuang village, Huangtaigang town, Wancheng district, Nanyang, Henan, China. ",Nanyang,Henan,4100AF042,Unique Commodity Code Group for  05119190,CN,China
ANUM INTERNATIONAL,"F-2, SITE-II, INDUSTRIAL AREA,",Unnao,Uttar Pradesh,CAPEXIL/NR/PAC/ABP-PET/1516/042,"Petfood, CN 230910",IN,India
J.S. INTERNATIONAL,"B-15 TO B-31, UPSIDC INDUSTRIAL AREA, LEATHER TECHNOLOGY PARK, BANTHAR, ",Unnao,Uttar Pradesh,CAPEXIL/NR/PAC/ABP-PET/1516/032,"Petfood, CN 230910",IN,India
"WINNER STORE Co., Ltd","339/3 M.2 Puttharaksa Rd., Taiban, Muang Samutprakarn",Muang,Samut Prakan,VCN.117,Uncanned petfood 2309 10,TH,Thailand
"WINNER STORE Co., Ltd","339/3 M.2 Puttharaksa Rd., Taiban, Muang Samutprakarn",Muang,Samut Prakan,VCN.117,Unique Commodity Code Group for  4205,TH,Thailand
SEIDECOSA SKINCARE INDIA PVT LTD.,"KESHWAPURA POST - 562102, SIDLAGAHATTA JILLA, CHICABALLUR TALUK",Karnataka,Karnataka,CAPEXIL/SR/PAC/ABP-PET/1516/072,Unique Commodity Code Group for  05119190,IN,India
Tan Phat Foods Corporation (Edison Foods),.,Ben Luc,Long An,TS 754,FFP (fishery products),VN,Viet Nam
"M/s. Nagahanuman Fish Packers, Unit-1",.,Anandapuram,Andhra Pradesh,1856,"Crustaceans, farmed, CN 0306/1605",IN,India
NABADI S.R.L.,"RUTA NÂº1 KM 83,5",General Pico,La Pampa,3295,"Flours, meals and pellets, CN 2301 and 230990",AR,Argentina
Kiris Gida Maddeleri Su ÃœrÃ¼nleri Sanayi Ve Ticaret Anonim Sirketi,.,Torbali,Izmir,TR 35-0568,Sulphites group: crustaceans,TR,Turkey
9 MAR S.A. NUEVEMARSA,"Barrio Puerto Chanduy, Solar 1 Bloque 5 referencia ubicada frente a escuela San AgustÃ­n",Chanduy,Santa Elena,6903,"heavy metals susceptible fish, molluscs, crustaceans",EC,Ecuador
M/s Milesh Marine Exports Pvt. Ltd.,.,Kruthivennu Mandal,Andhra Pradesh,1862,"Shrimps, CN 0306",IN,India
Sarl NASTORMARE,Zone Industrielle Sidi Salem,El Bouni,Annaba,23445,heavy metal susceptible fish,DZ,Algeria
M/s. Southern Tropical Foods Pvt. Ltd.,.,Bitragunta,Andhra Pradesh,1861,"Shrimps, CN 0306",IN,India
M/s. Coastal Aqua Private Limited,"1-164, Patharlagadda",Kakinada,Andhra Pradesh,1866,FFP (fishery products),IN,India
Fulya Evcil Hayvan ÃœrÃ¼nleri Ä°thalat Ä°hracat San. Tic. Ltd. Åžti. KÃ¶pek Ã‡iÄŸneme ÃœrÃ¼nleri Ä°ÅŸletmesi,Deri Karma OSB 10. Cadde No:38,Usak,Usak,Î±TR-6400072,Unique Commodity Code Group for  230990,TR,Turkey
M/s. Albys Agro Pvt.Ltd,"Plot No. 2/1 to 2/6, Sanguem Industrial Estate, Sanguem-Xelpem",Sanguem,Goa,1254,"Crustaceans, farmed, CN 0306/1605",IN,India
